,
,
,LIST KÊNH NGUỒN REUP DOUYIN
*,
,https://www.douyin.com/user/MS4wLjABAAAAcl3wCLWjDVBZDd8gofmO-P66npuWOp7N3GLJvwo7jVU
,
,
,https://www.douyin.com/user/MS4wLjABAAAAAEyDkV7g9yWmlSWcNFjJqJrOB1lngKrtzNHU9Yk0zj_R0r1CDod2k_xBRKHXhsmd
,
,
,https://www.douyin.com/user/MS4wLjABAAAARVi9uU3q8FmYOP4JNNmRvLIXqK5MFwaPYhBwv_TVtT0
,
,
,https://www.douyin.com/user/MS4wLjABAAAAm4G9HVUXao-27qbgQ2irjA469vHbWtYt0WQtMV7TM3wUPTwM4ZlFtIXcku_pgHNY
,
,
,https://www.douyin.com/user/MS4wLjABAAAA138O7EJKvkglG6u1FijCwvRYIuB2Qax6jkTF4CStw7s