,,,,,,,,,,,,,,,
,,,,,,,,,,,,,,,
,,,,NGUỒN TÀI NGUYÊN KÊNH REUP (DOUYIN),,,,,,,,,,WEB TẢI VIDEO DOUYIN HD KHÔNG LOGO,
,,,,,,,,,,,,,,,
,,,,,,,,,,,,,https://tikvideo.app/vi/download-douyin-video,,
,,https://www.douyin.com/user/MS4wLjABAAAAz3wwX7GDxHMqECHmoJcWJiQcchTc8sN5E1XWNSItamQ-9iV0VTgEKhRNzq81Iku7,,,,,,,,,,,,,
,,,,,,,,,,,,,https://snapdouyin.app/down/,,(dự phòng)
,,,,,,,,,,,,,,,
,,https://www.douyin.com/user/MS4wLjABAAAAkH0oMa4c4AeULHCzIGC_yDNt4_6W5w8fJNqcUDeYyVo?showSubTab=video,,,,,,,,,,,https://snapvideotools.com/vi/,,(dự phòng)
,,,,,,,,,,,,,,,
,,,,,,,,,,,,,,,
,,https://www.douyin.com/user/MS4wLjABAAAAEyeBDef49vQd9BpsBD-43tVU_gzfMm6D_94-dK9rIO03HdDMThpOxWcahBGuDu_h?showTab=post,,,,,,,,,,,,,
,,,,,,,,,,,,,,,
,,,,,,,,,,,,,,,
,,https://www.douyin.com/user/MS4wLjABAAAA23Ie8NNFIKMQCBuw0ViiAHfpsy03Rj03szLBC6BNW7UpL9-_6Sv1qg2XiNEOmxsl,,,,,,,,,,,,,
,,,,,,,,,,,,,,,
,,,,,,,,,,,,,,,
,,https://www.douyin.com/user/MS4wLjABAAAA-MzQnTxIK0Kvavg2FbAvQ5NgfWZ7LqadKpB7X9NzLHQ,,,,,,,,,,,,,
,,,,,,,,,,,,,,,
,,,,,,,,,,,,,,,
,,https://www.douyin.com/user/MS4wLjABAAAARGbcHdTcVMrrCy0XVgy1vo_fUmkyxNcMyykdMRL0lCEY84GeKbeqBAtyqswWZ6gt,,,,,,,,,,,,,
,,,,,,,,,,,,,,,
,,,,,,,,,,,,,,,
,,,,,,,,,,,,,,,
,,,TỪ KHÓA TÌM KIẾM DOUYIN,,,,,,,,,,,,
,,,,,,,,,,,,,,,
,,,,游牧生活,,,,,,,,,,,
,,,,,,,,,,,,,,,
,,,,伊朗的游牧生活,,,,,,,,,,,
,,,,,,,,,,,,,,,
,,,,伊朗游牧民族,,,,,,,,,,,
,,,,,,,,,,,,,,,
,,,,游牧单身母亲,,,,,,,,,,,
,,,,,,,,,,,,,,,
,,,,单亲妈妈的生存之道,,,,,,,,,,,