,,,
,,,
,,LINK KÊNH ĐỐI THỦ,
,,,https://www.youtube.com/@%E3%82%B7%E3%83%8B%E3%82%A2%E3%81%AE%E7%99%92%E3%81%97%E3%81%AE%E7%89%A9%E8%AA%9E
,,,
,,,https://www.youtube.com/@Chuy%E1%BB%87n%C4%90%E1%BB%9Di%C4%90inh%C4%90o%C3%A0n/videos
,,,
,,,https://www.youtube.com/@ANNHI%C3%8ANTU%E1%BB%94IX%E1%BA%BECHI%E1%BB%80U/videos
,,,
,,WEB NGUỒN VIDEO TỰ NHIÊN MIỄN PHÍ / KHÔNG BẢN QUYỀN,
,,,https://www.pexels.com/vi-VN/tim-kiem/videos/health/?orientation=landscape
,,,
,,,https://www.vecteezy.com/
,,,
,,,https://coverr.co/
,,,
,,,https://www.freepik.com/videos
,,,
,,,https://pixabay.com/