,,,,
,,,,
,,,,
,KEY + LINK KÊNH THỊ TRƯỜNG NHẬT + HÀN,,,
,,,,
,Nhật,,,Hàn
,,,,https://www.youtube.com/@wise-stories-2504
https://www.youtube.com/@SeniorLab2025/videos,,,,https://www.youtube.com/@%EC%A7%80%ED%98%9C%EC%9D%98%EC%83%98-h2f
,,,,
https://www.youtube.com/@ni-i7i/videos,,,,https://www.youtube.com/@%EA%B8%88%EB%B9%9B%EB%85%B8
,,,,
https://www.youtube.com/@1-ji2mx/videos,,,,https://www.youtube.com/@%EB%85%B8%ED%9B%84%ED%81%B4%EB%9D%BC%EC%8A%A4/videos
,,,,
https://www.youtube.com/@%E8%80%81%E5%BE%8C%E3%81%AE%E7%89%A9%E8%AA%9E/videos,,,,https://www.youtube.com/@%EB%8B%A4%EC%8B%9C_%EC%B2%AD%EC%B6%98/videos
,,,,
https://www.youtube.com/@olderhealth-z8z,,,,https://www.youtube.com/@%EA%B1%B4%ED%96%89%EC%8B%9C%EB%8C%80/videos
,,,,
https://www.youtube.com/@%E5%8C%BB%E5%B8%AB%E3%81%9F%E3%81%A1%E3%81%AE%E8%A8%80%E8%91%89/videos,,,,https://www.youtube.com/@%EC%A7%80%ED%98%9C%EC%9D%98%EB%B3%B4%EB%AC%BC-v5w/videos
,,,,
https://www.youtube.com/@%E7%99%BE%E5%AF%BF%E3%81%AE%E7%9F%A5%E6%81%B5,,,,https://www.youtube.com/@%EC%9D%80%EB%B9%9B-%EB%85%B8%ED%9B%84
,,,,
https://www.youtube.com/@100%E5%B9%B4%E3%81%AE%E6%AD%A9%E3%81%BF%E7%99%BE%E5%AF%BF,,,,https://www.youtube.com/@%EC%A7%80%ED%98%9C%EC%9D%98%EB%B2%A4%EC%B9%98
,,,,
https://www.youtube.com/@%E3%82%84%E3%81%95%E3%81%97%E3%81%84%E4%BA%BA%E7%94%9F%E3%81%AE%E7%9F%A5%E6%81%B5,,,,https://www.youtube.com/@%EB%85%B8%EC%9D%84%EA%BD%83%EA%B8%B8
,,,,
,,,,https://www.youtube.com/@%EA%B1%B4%EA%B0%95%EC%A7%80%ED%98%9C%EC%82%AC%EC%A0%84/videos
,,,,
,,,,https://www.youtube.com/@mindorosi/videos