,,,,,,,,,
,,,,,,,,,
,,,,,,,,,
,https://www.youtube.com/@ijinmeigench/videos,,,,,,,,Tép Review 60s - YouTube
,,,,,,,,,
,https://www.youtube.com/@%EC%8B%9C%EB%8B%88%EC%96%B4%ED%86%A1%ED%86%A12025/videos,,,,,,,,ReView Sinh Tồn Và Hoang Dã - YouTube
,,,,,,,,,
,https://www.youtube.com/@KonosukeMatsushitaquote,,,,,,,,
,,,,,,,,,
,https://www.youtube.com/@ApocalypseSurvivorsHQ/videos,,,,,,,,
,,,,,,,,,
,https://www.youtube.com/@ZestRankEverything,,,,,,,,
,,,,,,,,,
,https://www.youtube.com/@trueglobe66,,,,,,,,
,,,,,,,,,
,https://www.youtube.com/@USAMilitaryNews-8,,,,,,,,