,,,,,,,
,,,,,,,
,,,,,,,
,,,,,,,
,,,,,,,
,,,,,,,NGUỒN VIDEO REUP DOUYIN + BILIBILI
,,,,,,,
,,,,,,,
,,,,,,https://www.douyin.com/user/MS4wLjABAAAANrLy6yFXOpH5yrtPas_QKtpCYGJTKFJGrUjNIvg5aQNawgWJdyBW9Rg6vD3MoV1e?enter_from=author_card&from_gid=7606611218379623714&from_tab_name=main&tab_name=undefined&vid=7606611218379623714,
,,,,,,,
,,,,,,,
,,,,,,https://www.bilibili.com/video/BV19truBJEzX/?spm_id_from=333.1007.tianma.3-1-7.click,
,,,,,,,
,,,,,,https://www.bilibili.com/video/BV1hQqPB9EeX/?spm_id_from=333.788.recommend_more_video.20&trackid=web_related_0.router-related-2479604-tdxs9.1772460496264.848,
,,,,,,,
,,,,,,,
,,,,,,https://www.bilibili.com/video/BV1BM6kBEEYr/?spm_id_from=333.788.recommend_more_video.0&trackid=web_related_0.router-related-2479604-tn27s.1772460542625.20,
,,,,,,,
,,,,,,,
,,,,,,https://www.bilibili.com/video/BV1Ld6MBEEkz/?spm_id_from=333.788.recommend_more_video.9&trackid=web_related_0.router-related-2479604-5lvcw.1772460557617.603,
,,,,,,,
,,,,,,,
,,,,,,,
,,,,,,https://www.douyin.com/root/search/%E6%81%B6%E9%AD%94%E8%BF%9B%E5%8C%96%E7%B3%BB%E7%BB%9F?aid=80189900-14cc-4a87-aec1-ac5a163c66f7&modal_id=7546106669642583296&type=general,
,,,,,,,
,,,,,,,
,,,,,,https://www.douyin.com/user/MS4wLjABAAAAIX5CaqqPlJc-N8MkRFnXN7KI7oO-tOFKCJb2HvIFAlOSNMmxsLymghRhO7W65eoO?from_tab_name=main&vid=7329562957245943079,
,,,,,,,
,,,,,,,
,,,,,,https://www.douyin.com/root/search/%E6%81%B6%E9%AD%94%E8%BF%9B%E5%8C%96%E7%B3%BB%E7%BB%9F?aid=80189900-14cc-4a87-aec1-ac5a163c66f7&modal_id=7329562957245943079&type=general,
,,,,,,,
,,,,,,,
,,,,,,https://www.douyin.com/user/MS4wLjABAAAApals8MISWc3iGMhk5s4LxE87A_V7BQ3YHL1c9mD6vYM?from_tab_name=main&vid=7518349006469188902,
,,,,,,,
,,,,,,https://www.douyin.com/user/MS4wLjABAAAApals8MISWc3iGMhk5s4LxE87A_V7BQ3YHL1c9mD6vYM?from_tab_name=main&vid=7518349006469188902,
,,,,,,,
,,,,,,https://www.douyin.com/user/MS4wLjABAAAAIX5CaqqPlJc-N8MkRFnXN7KI7oO-tOFKCJb2HvIFAlOSNMmxsLymghRhO7W65eoO?from_tab_name=main&vid=7329562957245943079,
,,,,,,,
,,,,,,https://www.douyin.com/user/MS4wLjABAAAAulSXL6g4k1nm7Cc9nVF9MpWB91VEq4F3vYrOW0XR6hGFb967_91ISzTD4Zo1t-Yh?from_tab_name=main&vid=7433788019376688424,